time,id,x,y,speed,angle
0.00,0DEtoFR.0,11368.01,9892.95,13.89,231.55
0.00,randUni18368:1,6630.52,6036.52,0.00,130.87
1.00,0DEtoFR.0,11355.13,9882.72,16.40,231.55
1.00,randUni18368:1,6632.49,6034.82,2.59,130.87
2.00,0DEtoFR.0,11340.59,9871.18,18.51,231.55
2.00,CNA____NBNA_0,10345.14,9246.37,0.00,176.62
2.00,CNA____NBNA_1,7448.22,6512.58,0.00,289.17
2.00,randUni18368:1,6636.61,6031.25,5.45,130.87
3.00,0DEtoFR.0,11325.19,9858.57,19.85,229.46
3.00,CNA____NBNA_0,10343.40,9244.63,2.47,195.74
3.00,CNA____NBNA_1,7446.88,6512.27,1.38,281.61
3.00,randUni18368:1,6641.89,6026.68,6.99,130.87
4.00,0DEtoFR.0,11308.82,9844.57,21.48,229.46
4.00,CNA____NBNA_0,10340.48,9241.93,3.99,219.00
4.00,CNA____NBNA_1,7443.92,6511.58,3.07,270.33
4.00,randUni18368:1,6648.42,6021.03,8.63,130.87
5.00,0DEtoFR.0,11292.01,9829.00,22.85,227.15
5.00,CNA____NBNA_0,10336.02,9237.89,6.04,227.16
5.00,CNA____NBNA_1,7439.25,6511.09,4.79,262.67
5.00,randUni18368:1,6656.42,6014.39,10.40,128.15
5.00,randUni834:1,5600.65,7693.58,0.00,252.53
6.00,0DEtoFR.0,11274.35,9811.29,24.95,223.88
6.00,CNA____NBNA_0,10329.98,9232.67,8.00,228.71
6.00,CNA____NBNA_1,7432.64,6511.43,6.67,268.70
6.00,randUni18368:1,6666.01,6007.85,11.61,124.29
6.00,randUni834:1,5598.98,7693.06,1.75,252.53
7.00,0DEtoFR.0,11255.53,9791.71,27.08,223.88
7.00,CNA____NBNA_0,10322.35,9226.18,10.04,229.63
7.00,CNA____NBNA_1,7424.63,6511.85,8.09,272.99
7.00,randUni18368:1,6676.94,6001.76,12.61,109.87
7.00,randUni834:1,5595.62,7692.00,3.52,252.53
8.00,0DEtoFR.0,11236.68,9770.92,28.42,219.92
8.00,0DEtoFR.1,11368.40,9893.26,13.89,231.55
8.00,CNA____NBNA_0,10313.49,9218.54,11.74,229.22
8.00,CNA____NBNA_1,7414.54,6512.38,10.19,272.99
8.00,randUni18368:1,6688.36,5997.65,12.14,109.79
8.00,randUni834:1,5590.49,7690.38,5.38,252.53
9.00,0DEtoFR.0,11217.93,9748.51,29.20,219.92
9.00,0DEtoFR.1,11356.01,9883.42,15.78,231.55
9.00,CNA____NBNA_0,10302.96,9209.37,14.00,228.97
9.00,CNA____NBNA_1,7402.44,6513.01,12.21,272.99
9.00,randUni18368:1,6700.38,5995.04,12.39,95.70
9.00,randUni834:1,5583.53,7688.20,7.29,252.53
10.00,0DEtoFR.0,11199.84,9725.34,29.38,217.53
10.00,0DEtoFR.1,11341.81,9872.15,18.07,231.55
10.00,CNA____NBNA_0,10293.50,9201.16,12.57,229.04
10.00,CNA____NBNA_1,7394.52,6520.83,11.40,312.67
10.00,randUni18368:1,6712.68,5993.81,12.36,95.70
10.00,randUni834:1,5574.55,7685.37,9.42,252.53
11.00,0DEtoFR.0,11182.08,9702.22,29.13,217.53
11.00,0DEtoFR.1,11326.65,9859.82,19.49,229.46
11.00,CNA____NBNA_0,10286.50,9195.05,9.32,228.96
11.00,CNA____NBNA_1,7387.08,6528.84,11.02,317.10
11.00,randUni11317:1,8014.25,5297.54,0.00,346.05
11.00,randUni18368:1,6724.53,5992.86,11.91,92.72
11.00,randUni834:1,5563.52,7681.90,11.56,252.53
12.00,0DEtoFR.0,11167.71,9677.65,29.30,212.26
12.00,0DEtoFR.1,11310.53,9846.03,21.16,229.46
12.00,0LUtoBE.0,6943.84,1860.14,13.89,345.32
12.00,CNA____NBNA_0,10282.89,9191.88,4.82,228.69
12.00,CNA____NBNA_1,7378.89,6537.65,12.13,317.10
12.00,randUni11317:1,8013.70,5299.73,2.26,346.05
12.00,randUni18368:1,6736.63,5994.16,12.17,83.86
12.00,randUni834:1,5551.00,7677.98,13.12,252.86
13.00,0DEtoFR.0,11152.53,9652.34,29.40,209.61
13.00,0DEtoFR.1,11293.75,9830.62,22.72,227.15
13.00,0LUtoBE.0,6939.93,1875.07,15.41,345.32
13.00,CNA____NBNA_0,10281.93,9191.04,1.28,228.60
13.00,CNA____NBNA_1,7371.69,6546.84,11.91,321.91
13.00,randUni11317:1,8012.47,5304.71,5.13,346.05
13.00,randUni18368:1,6747.39,5997.98,11.80,52.95
13.00,randUni20481:1,7683.65,6106.64,0.00,24.10
13.00,randUni834:1,5537.47,7676.43,13.66,265.59
14.00,0DEtoFR.0,11138.22,9627.16,28.84,209.61
14.00,0DEtoFR.1,11276.23,9813.24,24.61,223.88
14.00,0DEtoFR.2,11368.01,9892.95,13.89,231.55
14.00,0LUtoBE.0,6935.29,1892.78,18.30,345.32
14.00,CNA____NBNA_0,10281.90,9191.01,0.04,228.60
14.00,CNA____NBNA_1,7367.32,6557.49,11.60,337.68
14.00,randUni11317:1,8010.85,5311.23,6.72,346.05
14.00,randUni16882:1,10624.49,9626.81,0.00,140.12
14.00,randUni18368:1,6754.97,6006.70,11.70,32.54
14.00,randUni20481:1,7684.43,6108.38,1.92,24.10
14.00,randUni834:1,5524.86,7675.46,12.64,265.59
15.00,0DEtoFR.0,11124.26,9600.69,29.84,204.51
15.00,0DEtoFR.1,11257.64,9793.91,26.75,223.88
15.00,0DEtoFR.2,11355.07,9882.68,16.48,231.55
15.00,0DEtoLU.0,11368.40,9893.26,13.89,231.55
15.00,0LUtoBE.0,6929.99,1913.03,20.91,345.32
15.00,CNA____NBNA_0,10281.90,9191.01,0.00,228.60
15.00,CNA____NBNA_1,7362.93,6568.19,11.66,337.68
15.00,randUni11317:1,8008.56,5320.42,9.47,346.05
15.00,randUni16882:1,10625.38,9625.74,1.40,140.12
15.00,randUni18368:1,6760.58,6017.25,11.96,26.12
15.00,randUni20481:1,7686.01,6111.64,3.64,25.38
15.00,randUni834:1,5511.88,7674.46,13.02,265.59
16.00,0DEtoFR.0,11112.01,9573.82,29.41,204.51
16.00,0DEtoFR.1,11238.50,9773.09,28.64,219.92
16.00,0DEtoFR.2,11340.42,9871.04,18.66,231.55
16.00,0DEtoLU.0,11357.40,9884.52,14.01,231.55
16.00,0LUtoBE.0,6924.16,1935.28,22.98,345.32
16.00,CNA____NBNA_0,10281.90,9191.01,0.00,228.60
16.00,CNA____NBNA_1,7358.58,6578.79,11.56,337.68
16.00,randUni11317:1,8005.88,5331.23,11.14,346.05
16.00,randUni16882:1,10627.59,9623.10,3.44,140.12
16.00,randUni18368:1,6766.29,6028.89,12.96,26.12
16.00,randUni20481:1,7690.63,6113.52,5.55,72.05
16.00,randUni834:1,5498.57,7674.53,13.35,274.42
17.00,0DEtoFR.0,11100.51,9546.29,29.72,202.51
17.00,0DEtoFR.1,11218.59,9749.30,30.99,219.92
17.00,0DEtoFR.2,11324.37,9857.87,20.71,229.46
17.00,0DEtoLU.0,11344.97,9874.66,15.82,231.55
17.00,0LUtoBE.0,6917.67,1960.03,25.56,345.25
17.00,CNA____NBNA_0,10281.90,9191.01,0.00,228.60
17.00,CNA____NBNA_1,7354.46,6589.06,11.15,338.10
17.00,randUni11317:1,8002.80,5343.61,12.76,346.05
17.00,randUni16882:1,10630.84,9619.21,5.09,140.12
17.00,randUni18368:1,6773.25,6038.88,12.30,42.17
17.00,randUni20481:1,7697.13,6110.84,7.09,112.68
17.00,randUni834:1,5484.71,7675.60,13.89,274.42
18.00,0DEtoFR.0,11089.98,9519.05,29.10,199.62
18.00,0DEtoFR.1,11197.88,9722.79,33.63,217.53
18.00,0DEtoFR.2,11306.82,9842.74,23.11,228.41
18.00,0DEtoLU.0,11330.99,9863.53,17.83,231.29
18.00,0LUtoBE.0,6910.36,1987.66,28.55,345.19
18.00,CNA____NBNA_0,10281.90,9191.01,0.00,228.60
18.00,CNA____NBNA_1,7350.09,6599.99,11.87,338.24
18.00,randUni11317:1,7999.15,5358.31,15.14,346.05
18.00,randUni16882:1,10635.47,9613.67,7.23,140.12
18.00,randUni18368:1,6783.65,6044.66,12.15,72.01
18.00,randUni20481:1,7704.71,6107.27,8.47,116.79
18.00,randUni834:1,5471.12,7676.65,13.63,274.42
19.00,0DEtoFR.0,11080.11,9490.92,29.70,197.94
19.00,0DEtoFR.1,11176.67,9694.69,35.33,213.64
19.00,0DEtoFR.2,11288.42,9825.67,25.03,227.15
19.00,0DEtoLU.0,11315.34,9850.15,20.53,229.46
19.00,0LUtoBE.0,6902.38,2017.87,31.22,345.19
19.00,CNA____NBNA_0,10281.90,9191.01,0.00,228.60
19.00,CNA____NBNA_1,7345.67,6611.07,12.03,338.24
19.00,randUni11317:1,7995.56,5372.74,14.88,346.05
19.00,randUni16882:1,10641.62,9606.30,9.61,140.12
19.00,randUni18368:1,6796.37,6046.83,12.97,84.52
19.00,randUni20481:1,7713.29,6102.70,9.80,118.07
19.00,randUni834:1,5459.41,7673.22,12.98,235.30
20.00,0DEtoFR.0,11071.60,9462.73,29.32,196.80
20.00,0DEtoFR.1,11158.27,9662.43,37.71,210.50
20.00,0DEtoFR.2,11269.72,9806.47,26.73,223.88
20.00,0DEtoLU.0,11298.82,9835.32,22.14,227.15
20.00,0LUtoBE.0,6892.53,2050.06,33.63,341.95
20.00,CNA____NBNA_0,10281.90,9191.01,0.00,228.60
20.00,CNA____NBNA_1,7341.29,6622.04,11.90,338.24
20.00,randUni11317:1,7992.54,5384.91,12.54,346.05
20.00,randUni16882:1,10648.87,9597.63,11.33,140.12
20.00,randUni18368:1,6808.06,6045.01,11.92,106.69
20.00,randUni20481:1,7722.70,6096.80,11.23,124.26
20.00,randUni834:1,5449.65,7681.19,13.52,319.92
21.00,0DEtoFR.0,11063.87,9434.67,29.00,194.86
21.00,0DEtoFR.1,11139.76,9629.87,37.30,209.61
21.00,0DEtoFR.2,11250.37,9786.43,28.17,224.52
21.00,0DEtoLU.0,11281.14,9818.35,24.45,223.88
21.00,0LUtoBE.0,6882.16,2081.86,33.42,341.95
21.00,AVL---_CN_1_0,5756.63,5774.89,0.00,97.33
21.00,AVL---_CN_1_1,7434.27,5733.14,0.00,16.60
21.00,CNA____NBNA_0,10281.90,9191.01,0.00,228.60
21.00,CNA____NBNA_1,7337.23,6632.85,11.64,339.35
21.00,randUni11317:1,7990.60,5392.72,8.04,346.05
21.00,randUni16882:1,10657.01,9587.88,12.73,140.12
21.00,randUni18368:1,6818.61,6038.22,12.66,127.51
21.00,randUni20481:1,7733.45,6088.40,13.78,126.00
21.00,randUni834:1,5439.47,7689.36,13.72,284.74
22.00,0DEtoFR.0,11056.79,9405.59,29.84,189.89
22.00,0DEtoFR.1,11122.80,9597.48,36.46,204.51
22.00,0DEtoFR.2,11230.21,9763.19,30.75,219.92
22.00,0DEtoLU.0,11262.41,9798.87,26.94,223.88
22.00,0LUtoBE.0,6871.87,2113.43,33.17,341.95
22.00,AVL---_CN_1_0,5759.17,5774.70,2.55,96.69
22.00,AVL---_CN_1_1,7434.82,5735.72,2.60,14.46
22.00,CNA____NBNA_0,10281.90,9191.01,0.00,228.60
22.00,CNA____NBNA_1,7333.04,6644.11,12.12,339.61
22.00,randUni11317:1,7987.66,5401.90,9.67,339.03
22.00,randUni16882:1,10665.93,9577.21,13.94,140.12
22.00,randUni18368:1,6827.14,6029.49,12.22,135.75
22.00,randUni20481:1,7743.16,6078.54,13.97,133.88
22.00,randUni834:1,5425.97,7691.87,13.73,280.52
23.00,0DEtoFR.0,11051.78,9376.84,29.07,189.89
23.00,0DEtoFR.1,11107.85,9563.98,36.54,202.51
23.00,0DEtoFR.2,11209.32,9737.68,32.96,217.53
23.00,0DEtoLU.0,11242.68,9778.10,28.98,220.88
23.00,0LUtoBE.0,6860.54,2145.13,33.64,339.66
23.00,AVL---_CN_1_0,5763.92,5774.35,4.76,95.49
23.00,AVL---_CN_1_1,7435.82,5740.47,4.79,12.14
23.00,CNA____NBNA_0,10281.90,9191.01,0.00,228.60
23.00,CNA____NBNA_1,7329.02,6654.93,11.64,339.61
23.00,randUni11317:1,7977.55,5406.00,11.98,269.18
23.00,randUni16882:1,10672.71,9570.14,9.82,134.25
23.00,randUni18368:1,6833.94,6019.73,11.92,146.40
23.00,randUni20481:1,7753.00,6069.86,13.23,131.42
23.00,randUni834:1,5412.69,7693.85,13.43,277.20
24.00,0DEtoFR.0,11047.73,9347.52,29.48,187.24
24.00,0DEtoFR.1,11093.63,9529.27,37.36,200.56
24.00,0DEtoFR.2,11188.40,9710.44,34.31,217.53
24.00,0DEtoLU.0,11222.70,9754.21,31.12,219.92
24.00,0LUtoBE.0,6851.71,2177.69,33.71,346.46
24.00,AVL---_CN_1_0,5771.07,5773.81,7.17,94.26
24.00,AVL---_CN_1_1,7437.18,5746.90,6.47,11.96
24.00,CNA____NBNA_0,10281.90,9191.01,0.00,228.60
24.00,CNA____NBNA_1,7325.06,6665.46,11.34,339.41
24.00,randUni11317:1,7962.85,5405.81,14.70,269.66
24.00,randUni16882:1,10676.51,9566.43,5.32,134.25
24.00,randUni18368:1,6839.49,6008.04,13.02,159.83
24.00,randUni20481:1,7762.17,6060.77,13.04,135.87
24.00,randUni834:1,5399.55,7696.31,13.51,287.65
25.00,0DEtoFR.0,11044.26,9318.13,29.48,184.21
25.00,0DEtoFR.1,11081.12,9494.18,37.11,199.62
25.00,0DEtoFR.2,11169.35,9680.26,36.59,212.26
25.00,0DEtoLU.0,11201.56,9727.57,33.99,217.53
25.00,0LUtoBE.0,6841.08,2207.28,31.41,339.66
25.00,AVL---_CN_1_0,5780.37,5773.12,9.33,94.26
25.00,AVL---_CN_1_1,7438.65,5755.08,8.22,10.75
25.00,CNA____NBNA_0,10281.90,9191.01,0.00,228.60
25.00,CNA____NBNA_1,7320.87,6675.78,11.23,337.90
25.00,randUni11317:1,7946.57,5405.73,16.27,269.30
25.00,randUni16882:1,10677.82,9561.94,7.58,181.36
25.00,randUni18368:1,6841.37,5996.24,12.02,174.81
25.00,randUni1854:1,7235.77,8068.19,0.00,0.48
25.00,randUni20481:1,7767.14,6049.54,13.60,183.93
25.00,randUni834:1,5387.70,7703.02,13.63,298.68
26.00,0DEtoFR.0,11042.16,9288.61,29.47,184.07
26.00,0DEtoFR.1,11070.40,9458.77,36.84,196.80
26.00,0DEtoFR.2,11149.33,9646.71,38.92,209.61
26.00,0DEtoLU.0,11179.30,9698.60,36.51,217.53
26.00,0LUtoBE.0,6831.57,2232.94,27.35,339.66
26.00,AVL---_CN_1_0,5791.59,5772.29,11.25,94.26
26.00,AVL---_CN_1_1,7438.08,5765.14,9.93,358.11
26.00,CNA____NBNA_0,10281.90,9191.01,0.00,228.60
26.00,CNA____NBNA_1,7316.57,6686.36,11.51,337.90
26.00,randUni11317:1,7930.93,5405.66,15.63,270.29
26.00,randUni16882:1,10670.36,9554.42,10.07,225.45
26.00,randUni18368:1,6842.48,5983.96,12.33,174.81
26.00,randUni1854:1,7235.79,8069.97,1.76,0.48
26.00,randUni20481:1,7756.68,6040.16,14.05,228.60
26.00,randUni834:1,5374.73,7706.75,13.50,285.27
27.00,0DEtoFR.0,11040.46,9259.27,29.58,181.63
27.00,0DEtoFR.1,11060.57,9422.26,37.67,194.86
27.00,0DEtoFR.2,11130.20,9613.06,38.56,209.61
27.00,0DEtoLU.0,11161.10,9667.18,37.06,212.26
27.00,0LUtoBE.0,6823.79,2254.43,22.85,341.91
27.00,AVL---_CN_1_0,5803.79,5771.38,12.24,94.26
27.00,AVL---_CN_1_1,7437.46,5775.95,10.67,356.72
27.00,CNA____NBNA_0,10281.90,9191.01,0.00,228.60
27.00,CNA____NBNA_1,7312.30,6696.88,11.44,337.90
27.00,randUni11317:1,7919.30,5405.61,11.64,269.38
27.00,randUni13606:1,7562.25,9397.15,0.00,314.40
27.00,randUni16882:1,10665.85,9542.06,11.90,194.35
27.00,randUni18368:1,6843.28,5971.64,12.35,178.41
27.00,randUni1854:1,7235.81,8073.08,3.08,0.48
27.00,randUni20481:1,7746.23,6030.95,13.93,228.60
27.00,randUni834:1,5361.11,7708.28,13.71,276.42
28.00,0DEtoFR.0,11039.62,9229.64,29.62,181.63
28.00,0DEtoFR.1,11053.28,9385.44,37.41,189.89
28.00,0DEtoFR.2,11113.99,9578.18,38.32,204.51
28.00,0DEtoLU.0,11142.95,9635.49,36.38,209.61
28.00,0LUtoBE.0,6819.73,2272.33,18.35,347.33
28.00,AVL---_CN_1_0,5815.96,5770.47,12.20,94.26
28.00,AVL---_CN_1_1,7435.79,5787.48,11.51,351.99
28.00,CNA____NBNA_0,10281.90,9191.01,0.00,228.60
28.00,CNA____NBNA_1,7307.85,6707.83,11.92,337.90
28.00,randUni11317:1,7911.66,5405.41,7.65,267.80
28.00,randUni13606:1,7561.15,9398.23,1.54,314.40
28.00,randUni16882:1,10667.36,9527.60,13.03,168.72
28.00,randUni18368:1,6843.62,5959.46,12.18,178.41
28.00,randUni1854:1,7235.86,8077.99,4.86,0.48
28.00,randUni20481:1,7742.40,6019.37,12.88,182.90
28.00,randUni834:1,5348.03,7708.76,13.17,264.30
29.00,0DEtoFR.0,11039.31,9199.71,29.92,179.58
29.00,0DEtoFR.1,11047.83,9348.32,37.38,187.24
29.00,0DEtoFR.2,11098.63,9541.74,39.39,202.51
29.00,0DEtoLU.0,11125.12,9602.58,37.30,204.51
29.00,0LUtoBE.0,6815.77,2289.97,18.08,347.33
29.00,AVL---_CN_1_0,5827.12,5769.52,11.20,94.85
29.00,AVL---_CN_1_1,7433.80,5796.37,8.99,347.51
29.00,CNA____NBNA_0,10281.90,9191.01,0.00,228.60
29.00,CNA____NBNA_1,7302.07,6718.29,12.06,331.04
29.00,randUni11317:1,7907.59,5403.98,4.46,250.72
29.00,randUni13606:1,7558.80,9400.52,3.28,314.40
29.00,randUni16882:1,10669.11,9518.69,12.96,195.23
29.00,randUni18368:1,6843.98,5946.83,12.64,178.25
29.00,randUni1854:1,7235.91,8084.15,6.10,0.48
29.00,randUni20481:1,7747.77,6007.35,13.33,151.46
29.00,randUni834:1,5335.79,7702.57,13.95,236.37
30.00,0DEtoFR.0,11040.40,9170.15,29.75,169.27
30.00,0DEtoFR.1,11047.03,9310.50,37.58,184.08
30.00,0DEtoFR.2,11085.23,9505.70,38.30,199.62
30.00,0DEtoLU.0,11109.83,9568.76,36.97,203.01
30.00,0LUtoBE.0,6811.51,2306.65,17.23,342.35
30.00,AVL---_CN_1_0,5834.96,5768.79,7.88,95.26
30.00,AVL---_CN_1_1,7431.83,5802.04,5.91,344.00
30.00,CNA____NBNA_0,10281.90,9191.01,0.00,228.60
30.00,CNA____NBNA_1,7296.05,6728.25,11.73,328.88
30.00,randUni11317:1,7906.27,5397.41,7.25,178.17
30.00,randUni13606:1,7555.16,9403.94,4.99,313.28
30.00,randUni16882:1,10659.34,9510.96,13.53,232.35
30.00,randUni18368:1,6846.45,5937.39,9.75,165.35
30.00,randUni1854:1,7232.66,8090.03,7.74,0.48
30.00,randUni20481:1,7753.91,5995.84,13.05,151.91
30.00,randUni834:1,5325.03,7695.12,13.09,234.65
31.00,0DEtoFR.0,11044.28,9141.59,29.17,176.41
31.00,0DEtoFR.1,11047.58,9277.63,33.23,181.62
31.00,0DEtoFR.2,11073.22,9468.10,39.32,196.80
31.00,0DEtoLU.0,11095.87,9535.07,36.33,202.51
31.00,0LUtoBE.0,6806.24,2323.21,17.38,342.35
31.00,AVL---_CN_1_0,5838.49,5768.38,3.55,95.68
31.00,AVL---_CN_1_1,7431.35,5803.39,1.41,343.16
31.00,CNA____NBNA_0,10281.90,9191.01,0.00,228.60
31.00,CNA____NBNA_1,7288.96,6736.67,11.14,320.43
31.00,randUni11317:1,7909.18,5389.14,8.78,158.16
31.00,randUni13606:1,7549.15,9407.72,7.28,299.79
31.00,randUni16882:1,10648.81,9502.83,13.29,232.35
31.00,randUni18368:1,6847.78,5932.32,5.25,165.35
31.00,randUni1854:1,7232.74,8099.43,9.50,0.48
31.00,randUni20481:1,7760.55,5983.40,14.10,151.91
31.00,randUni834:1,5314.23,7689.15,12.85,254.07
32.00,0DEtoFR.0,11046.08,9112.86,28.78,176.41
32.00,0DEtoFR.1,11046.60,9243.06,34.64,181.62
32.00,0DEtoFR.2,11062.82,9430.74,38.64,194.86
32.00,0DEtoLU.0,11083.36,9500.47,36.65,199.62
32.00,0LUtoBE.0,6800.94,2339.87,17.48,342.35
32.00,AVL---_CN_1_0,5839.02,5768.32,0.53,95.75
32.00,AVL---_CN_1_1,7431.30,5803.53,0.15,343.07
32.00,CNA____NBNA_0,10281.90,9191.01,0.00,228.60
32.00,CNA____NBNA_1,7282.44,6742.95,9.13,313.94
32.00,randUni11317:1,7913.31,5378.84,11.09,158.16
32.00,randUni13606:1,7546.49,9404.13,5.59,215.57
32.00,randUni16882:1,10638.20,9494.65,13.38,232.35
32.00,randUni18368:1,6850.61,5925.12,7.77,155.30
32.00,randUni1854:1,7232.83,8110.32,11.01,0.48
32.00,randUni20481:1,7767.14,5971.05,14.00,151.91
32.00,randUni834:1,5300.47,7691.84,14.02,281.07
33.00,0DEtoFR.0,11044.64,9083.00,29.93,176.41
33.00,0DEtoFR.1,11045.86,9206.45,36.67,179.58
33.00,0DEtoFR.2,11054.61,9393.10,38.40,189.89
33.00,0DEtoLU.0,11072.43,9465.48,36.52,196.80
33.00,0LUtoBE.0,6795.53,2356.88,17.85,342.35
33.00,AVL---_CN_1_0,5839.17,5768.30,0.15,95.77
33.00,AVL---_CN_1_1,7431.29,5803.56,0.03,343.05
33.00,CNA____NBNA_0,10281.90,9191.01,0.00,228.60
33.00,CNA____NBNA_1,7279.06,6746.05,4.63,313.39
33.00,randUni11317:1,7918.51,5365.88,13.96,158.16
33.00,randUni13606:1,7547.42,9396.37,7.83,172.53
33.00,randUni16882:1,10627.09,9486.08,14.02,232.35
33.00,randUni18368:1,6857.01,5916.47,9.67,151.23
33.00,randUni1854:1,7233.28,8123.08,12.90,2.44
33.00,randUni20481:1,7773.39,5959.35,13.26,151.91
33.00,randUni834:1,5289.15,7693.83,11.49,279.75
34.00,0DEtoFR.0,11046.48,9053.64,29.42,176.41
34.00,0DEtoFR.1,11046.15,9169.56,37.31,179.27
34.00,0DEtoFR.2,11048.65,9354.74,38.68,187.24
34.00,0DEtoLU.0,11062.44,9429.29,37.39,194.86
34.00,0LUtoBE.0,6790.06,2374.08,18.05,342.35
34.00,AVL---_CN_1_0,5839.19,5768.30,0.03,95.77
34.00,AVL---_CN_1_1,7431.29,5803.56,0.00,343.05
34.00,CNA____NBNA_0,10282.25,9186.93,2.49,228.68
34.00,CNA____NBNA_1,7278.78,6746.24,0.34,313.10
34.00,randUni11317:1,7923.94,5352.34,14.60,158.16
34.00,randUni13606:1,7549.12,9387.41,9.12,169.26
34.00,randUni16882:1,10616.81,9478.14,12.98,232.35
34.00,randUni18368:1,6868.94,5913.01,12.00,102.71
34.00,randUni1854:1,7233.89,8137.30,14.38,2.44
34.00,randUni20481:1,7775.73,5947.92,13.54,203.01
34.00,randUni834:1,5282.26,7695.01,6.99,279.75
35.00,0DEtoFR.0,11048.36,9023.71,30.00,176.41
35.00,0DEtoFR.1,11048.14,9132.80,37.21,176.42
35.00,0DEtoFR.2,11044.07,9315.45,39.40,184.07
35.00,0DEtoLU.0,11054.56,9392.83,37.19,189.89
35.00,0LUtoBE.0,6784.73,2390.82,17.56,342.35
35.00,AVL---_CN_1_0,5839.19,5768.30,0.00,95.77
35.00,AVL---_CN_1_1,7431.29,5803.56,0.00,343.05
35.00,CNA____NBNA_0,10278.62,9183.60,4.93,228.22
35.00,CNA____NBNA_1,7278.75,6746.26,0.04,313.07
35.00,randUni11317:1,7929.83,5337.63,15.84,158.16
35.00,randUni13606:1,7551.18,9376.52,11.08,169.26
35.00,randUni16882:1,10606.64,9470.30,12.83,232.35
35.00,randUni18368:1,6878.57,5913.38,9.29,87.21
35.00,randUni1854:1,7234.55,8152.79,15.66,2.44
35.00,randUni20481:1,7762.93,5943.59,13.52,251.32
35.00,randUni834:1,5279.34,7695.51,2.96,279.75
36.00,0DEtoFR.0,11050.19,8994.19,29.58,176.49
36.00,0DEtoFR.1,11050.48,9095.40,37.46,176.42
36.00,0DEtoFR.2,11040.98,9277.34,38.31,181.63
36.00,0DEtoLU.0,11048.92,9356.91,36.23,187.24
36.00,0LUtoBE.0,6779.42,2407.53,17.54,342.35
36.00,AVL---_CN_1_0,5839.19,5768.30,0.00,95.77
36.00,AVL---_CN_1_1,7431.29,5803.56,0.00,343.05
36.00,AVL---_CN_4_0,7006.15,6917.30,0.00,50.11
36.00,CNA____NBNA_0,10273.41,9178.74,7.13,227.17
36.00,CNA____NBNA_1,7278.75,6746.26,0.00,313.07
36.00,randUni11317:1,7936.57,5323.21,15.93,153.41
36.00,randUni13606:1,7553.32,9365.25,11.47,169.26
36.00,randUni16882:1,10595.87,9461.99,13.59,232.35
36.00,randUni18368:1,6884.27,5915.26,5.81,68.93
36.00,randUni1854:1,7235.28,8169.97,17.38,2.44
36.00,randUni20481:1,7750.10,5939.25,13.53,251.32
37.00,0DEtoFR.0,11051.99,8964.91,29.34,176.49
37.00,0DEtoFR.1,11052.83,9057.84,37.62,176.42
37.00,0DEtoFR.2,11039.86,9238.22,39.12,181.63
37.00,0DEtoLU.0,11044.38,9319.80,37.24,185.06
37.00,0LUtoBE.0,6773.87,2424.96,18.28,342.35
37.00,AVL---_CN_1_0,5839.19,5768.30,0.00,95.77
37.00,AVL---_CN_1_1,7431.29,5803.56,0.00,343.05
37.00,AVL---_CN_4_0,7006.88,6918.38,1.31,47.64
37.00,CNA____NBNA_0,10266.89,9172.53,9.01,226.57
37.00,CNA____NBNA_1,7278.75,6746.26,0.00,313.07
37.00,randUni11317:1,7943.58,5309.21,15.66,153.41
37.00,randUni13606:1,7554.84,9353.61,11.78,176.34
37.00,randUni16882:1,10584.94,9453.55,13.80,232.35
37.00,randUni18368:1,6886.07,5915.95,1.85,68.93
37.00,randUni1854:1,7237.26,8187.60,17.96,9.65
37.00,randUni20481:1,7737.42,5934.97,13.39,251.32
37.00,randUni5299:1,5090.05,6693.34,0.00,265.31
38.00,0DEtoFR.0,11053.80,8935.27,29.71,176.49
38.00,0DEtoFR.1,11055.13,9021.08,36.82,176.42
38.00,0DEtoFR.2,11039.32,9199.05,39.16,179.58
38.00,0DEtoLU.0,11041.13,9282.86,37.13,185.42
38.00,0LUtoBE.0,6768.56,2441.66,17.53,342.35
38.00,AVL---_CN_1_0,5839.19,5768.30,0.00,95.77
38.00,AVL---_CN_1_1,7431.29,5803.56,0.00,343.05
38.00,AVL---_CN_4_0,7007.77,6921.98,3.69,34.57
38.00,CNA____NBNA_0,10258.75,9164.73,11.28,226.21
38.00,CNA____NBNA_1,7278.75,6746.26,0.00,313.07
38.00,randUni11317:1,7950.38,5295.62,15.19,153.41
38.00,randUni13606:1,7555.11,9341.42,12.19,178.72
38.00,randUni16882:1,10574.62,9445.33,13.18,230.04
38.00,randUni18368:1,6886.11,5915.97,0.04,68.93
38.00,randUni1854:1,7240.36,8205.85,18.71,9.65
38.00,randUni20481:1,7724.07,5930.45,14.09,251.32
38.00,randUni5299:1,5088.09,6693.18,1.97,265.31
39.00,0DEtoFR.0,11055.16,8906.37,28.93,177.78
39.00,0DEtoFR.1,11057.41,8984.25,36.89,176.48
39.00,0DEtoFR.2,11043.05,9161.17,38.64,178.32
39.00,0DEtoLU.0,11040.11,9246.81,36.04,181.63
39.00,0LUtoBE.0,6763.58,2458.03,17.11,344.02
39.00,AVL---_CN_1_0,5839.19,5768.30,0.00,95.77
39.00,AVL---_CN_1_1,7431.29,5803.56,0.00,343.05
39.00,AVL---_CN_4_0,7009.00,6927.84,5.97,17.26
39.00,CNA____NBNA_0,10251.14,9158.13,10.09,228.58
39.00,CNA____NBNA_1,7278.75,6746.26,0.00,313.07